smashersk,7271475b-45eb-4a3a-8604-9da11f386b2b
nanachi_cccp,08dbc4a1-d76d-43ec-8652-cc06cc8a13fb
fantoccini,d5cc7503-1f3b-4611-8c93-0a1eee751153
towny_war_chest,8895c16c-cfae-3603-b813-f8649db09290
darkfady,ee60f104-2560-4e8e-a4d5-df00acb1af31
furiouszealot,8761c730-1cdc-44f8-9293-751a5371e2fa
memeplasma,0227eae1-42cd-4b89-95d9-cc8bca35c34a
asgrad,44b3e9a2-6b30-43d4-bb25-ae3e05d73164
kr0nulus,29eb407a-310b-48cb-ae8a-e9a4d5779c7c
ericcrusher,34817ba4-0899-4f2f-b92f-577e2a9b699d
cultusmechanicus,9f1eb4f6-7290-4180-8411-70dbcd150b78
tommy_apple,2845d414-0fec-45af-8bc4-fff2b05d83c4
iikingcraft,f103b2a4-30d1-4031-8701-078f3094b616
mr__road,93507b74-47ed-4354-bafc-db2d405d7261
anknarr,a5f8a0be-dbf5-4039-906e-bf9a493f6877
crazyguy247,26a85b36-9a08-453c-84f6-8feebc652167
ank,6e380e74-e2de-446f-aeb7-0eeb38f809ff
